timestamp,user_id,sender_type,message
2025-07-02T16:18:50.124146,human_3,human,hahahaha
2025-07-02T16:21:53.124146,human_2,human,lol that's crazy
2025-07-02T16:24:10.124146,bot_5,bot,Please provide your account number.
2025-07-02T16:26:31.124146,bot_2,bot,Hello. How may I assist you today?
2025-07-02T16:29:56.124146,human_3,human,Tell me about yourself
2025-07-02T16:30:52.124146,bot_3,bot,Your issue has been logged in the system.
2025-07-02T16:35:06.124146,bot_1,bot,This request has been received.
2025-07-02T16:35:44.124146,bot_5,bot,Please provide your account number.
2025-07-02T16:39:37.124146,human_2,human,hey what's up?
2025-07-02T16:43:21.124146,bot_2,bot,I will now escalate this issue.
2025-07-02T16:47:52.124146,bot_1,bot,Your issue has been logged in the system.
2025-07-02T16:51:46.124146,bot_2,bot,Please provide your account number.
2025-07-02T16:56:36.124146,human_1,human,i'm eating rn
2025-07-02T16:58:55.124146,human_5,human,i'm eating rn
2025-07-02T17:03:25.124146,human_3,human,i'm eating rn
2025-07-02T17:03:26.124146,bot_1,bot,Your issue has been logged in the system.
2025-07-02T17:07:18.124146,bot_1,bot,Please provide your account number.
2025-07-02T17:08:47.124146,bot_4,bot,Please provide your account number.
2025-07-02T17:11:29.124146,bot_3,bot,Thank you for contacting support.
2025-07-02T17:15:05.124146,human_2,human,lol that's crazy
2025-07-02T17:16:34.124146,human_5,human,hahahaha
2025-07-02T17:20:00.124146,bot_1,bot,Hello. How may I assist you today?
2025-07-02T17:22:42.124146,human_2,human,hahahaha
2025-07-02T17:23:20.124146,bot_5,bot,This request has been received.
2025-07-02T17:25:06.124146,human_3,human,what do you mean?
2025-07-02T17:26:01.124146,bot_2,bot,Hello. How may I assist you today?
2025-07-02T17:26:34.124146,bot_2,bot,Thank you for contacting support.
2025-07-02T17:31:34.124146,human_1,human,idk man
2025-07-02T17:33:38.124146,bot_1,bot,Hello. How may I assist you today?
2025-07-02T17:38:37.124146,bot_3,bot,Your issue has been logged in the system.
2025-07-02T17:40:19.124146,bot_5,bot,Hello. How may I assist you today?
2025-07-02T17:44:14.124146,bot_5,bot,This request has been received.
2025-07-02T17:48:27.124146,human_1,human,let's goooo
2025-07-02T17:48:46.124146,bot_3,bot,I will now escalate this issue.
2025-07-02T17:51:39.124146,human_2,human,let's goooo
2025-07-02T17:51:56.124146,human_4,human,come get me
2025-07-02T17:54:04.124146,bot_4,bot,I will now escalate this issue.
2025-07-02T17:56:17.124146,human_2,human,what do you mean?
2025-07-02T17:58:28.124146,human_1,human,sounds good
2025-07-02T18:01:18.124146,human_5,human,lol that's crazy
2025-07-02T18:04:58.124146,human_5,human,what do you mean?
2025-07-02T18:09:30.124146,human_4,human,sounds good
2025-07-02T18:13:25.124146,human_5,human,idk man
2025-07-02T18:14:56.124146,human_5,human,hey what's up?
2025-07-02T18:19:05.124146,bot_1,bot,I will now escalate this issue.
2025-07-02T18:20:35.124146,bot_5,bot,Thank you for contacting support.
2025-07-02T18:22:06.124146,bot_4,bot,Hello. How may I assist you today?
2025-07-02T18:23:28.124146,human_4,human,idk man
2025-07-02T18:26:12.124146,human_2,human,same here
2025-07-02T18:27:37.124146,human_1,human,i'm eating rn
2025-07-02T18:31:57.124146,human_5,human,let's goooo
2025-07-02T18:34:58.124146,human_3,human,you there?
2025-07-02T18:36:30.124146,human_4,human,hahahaha
2025-07-02T18:38:47.124146,human_5,human,what do you mean?
2025-07-02T18:40:58.124146,bot_5,bot,Thank you for contacting support.
2025-07-02T18:45:06.124146,human_5,human,come get me
2025-07-02T18:48:49.124146,bot_2,bot,Your issue has been logged in the system.
2025-07-02T18:49:35.124146,human_4,human,sounds good
2025-07-02T18:52:14.124146,human_2,human,you there?
2025-07-02T18:56:40.124146,human_5,human,come get me
2025-07-02T18:58:17.124146,human_5,human,come get me
2025-07-02T18:59:20.124146,bot_3,bot,I will now escalate this issue.
2025-07-02T18:59:46.124146,bot_2,bot,I will now escalate this issue.
2025-07-02T18:59:58.124146,bot_4,bot,Please provide your account number.
2025-07-02T19:03:29.124146,human_2,human,Tell me about yourself
2025-07-02T19:03:53.124146,human_3,human,you there?
2025-07-02T19:08:42.124146,human_3,human,idk man
2025-07-02T19:09:08.124146,human_2,human,idk man
2025-07-02T19:11:28.124146,human_3,human,what do you mean?
2025-07-02T19:14:50.124146,bot_5,bot,Hello. How may I assist you today?
2025-07-02T19:16:10.124146,human_2,human,same here
2025-07-02T19:19:47.124146,bot_4,bot,Please provide your account number.
2025-07-02T19:20:22.124146,human_1,human,hey what's up?
2025-07-02T19:24:12.124146,bot_3,bot,Your issue has been logged in the system.
2025-07-02T19:25:11.124146,human_4,human,you there?
2025-07-02T19:28:54.124146,human_1,human,Tell me about yourself
2025-07-02T19:31:28.124146,bot_2,bot,Thank you for contacting support.
2025-07-02T19:32:53.124146,human_1,human,i'm eating rn
2025-07-02T19:35:48.124146,human_4,human,brb
2025-07-02T19:37:16.124146,bot_5,bot,Thank you for contacting support.
2025-07-02T19:41:25.124146,bot_3,bot,This request has been received.
2025-07-02T19:42:01.124146,bot_1,bot,Your issue has been logged in the system.
2025-07-02T19:46:56.124146,human_5,human,sounds good
2025-07-02T19:49:50.124146,human_2,human,hahahaha
2025-07-02T19:53:07.124146,bot_2,bot,This request has been received.
2025-07-02T19:57:36.124146,human_3,human,idk man
2025-07-02T20:00:20.124146,human_1,human,come get me
2025-07-02T20:04:31.124146,human_5,human,lol that's crazy
2025-07-02T20:07:35.124146,bot_2,bot,I will now escalate this issue.
2025-07-02T20:11:43.124146,bot_2,bot,Thank you for contacting support.
2025-07-02T20:15:12.124146,bot_2,bot,Please provide your account number.
2025-07-02T20:20:11.124146,bot_4,bot,I will now escalate this issue.
2025-07-02T20:20:21.124146,human_2,human,i'm eating rn
2025-07-02T20:23:27.124146,bot_4,bot,Please provide your account number.
2025-07-02T20:27:38.124146,bot_1,bot,Your issue has been logged in the system.
2025-07-02T20:30:25.124146,human_2,human,idk man
2025-07-02T20:35:12.124146,bot_2,bot,This request has been received.
2025-07-02T20:38:07.124146,bot_2,bot,Your issue has been logged in the system.
2025-07-02T20:39:58.124146,bot_4,bot,I will now escalate this issue.
2025-07-02T20:42:11.124146,bot_3,bot,Please provide your account number.
2025-07-02T20:43:29.124146,human_4,human,what do you mean?
2025-07-02T20:44:04.124146,bot_5,bot,Your issue has been logged in the system.
2025-07-02T20:44:58.124146,bot_5,bot,Your issue has been logged in the system.
2025-07-02T20:49:22.124146,human_3,human,lol that's crazy
2025-07-02T20:53:50.124146,human_1,human,you there?
2025-07-02T20:55:17.124146,human_3,human,hey what's up?
2025-07-02T20:55:19.124146,bot_3,bot,Please provide your account number.
2025-07-02T20:59:59.124146,bot_5,bot,I will now escalate this issue.
2025-07-02T21:03:05.124146,human_2,human,idk man
2025-07-02T21:04:38.124146,human_2,human,lol that's crazy
2025-07-02T21:06:22.124146,human_4,human,hey what's up?
2025-07-02T21:08:42.124146,human_4,human,lol that's crazy
2025-07-02T21:12:32.124146,human_1,human,you there?
2025-07-02T21:17:05.124146,bot_2,bot,I will now escalate this issue.
2025-07-02T21:17:13.124146,human_3,human,same here
2025-07-02T21:19:15.124146,bot_5,bot,Please provide your account number.
2025-07-02T21:22:36.124146,bot_4,bot,Your issue has been logged in the system.
2025-07-02T21:25:13.124146,bot_3,bot,I will now escalate this issue.
2025-07-02T21:26:32.124146,human_1,human,let's goooo
2025-07-02T21:29:02.124146,human_4,human,sounds good
2025-07-02T21:33:52.124146,bot_4,bot,Thank you for contacting support.
2025-07-02T21:37:01.124146,bot_5,bot,This request has been received.
2025-07-02T21:41:56.124146,bot_5,bot,Hello. How may I assist you today?
2025-07-02T21:44:10.124146,bot_3,bot,Hello. How may I assist you today?
2025-07-02T21:48:15.124146,bot_4,bot,This request has been received.
2025-07-02T21:52:27.124146,bot_2,bot,I will now escalate this issue.
2025-07-02T21:57:00.124146,human_3,human,what do you mean?
2025-07-02T22:00:42.124146,human_1,human,same here
2025-07-02T22:04:54.124146,bot_4,bot,Please provide your account number.
2025-07-02T22:05:35.124146,human_3,human,sounds good
2025-07-02T22:09:13.124146,bot_2,bot,Thank you for contacting support.
2025-07-02T22:13:59.124146,human_3,human,come get me
2025-07-02T22:17:58.124146,bot_1,bot,Thank you for contacting support.
2025-07-02T22:18:49.124146,bot_4,bot,Your issue has been logged in the system.
2025-07-02T22:22:30.124146,human_2,human,lol that's crazy
2025-07-02T22:23:47.124146,human_2,human,sounds good
2025-07-02T22:28:21.124146,human_2,human,you there?
2025-07-02T22:33:05.124146,bot_1,bot,Hello. How may I assist you today?
2025-07-02T22:37:02.124146,bot_4,bot,Your issue has been logged in the system.
2025-07-02T22:39:44.124146,bot_5,bot,Thank you for contacting support.
2025-07-02T22:42:02.124146,bot_2,bot,Please provide your account number.
2025-07-02T22:47:01.124146,bot_5,bot,Thank you for contacting support.
2025-07-02T22:50:51.124146,human_5,human,come get me
2025-07-02T22:51:20.124146,human_2,human,Tell me about yourself
2025-07-02T22:54:21.124146,human_4,human,same here
2025-07-02T22:55:17.124146,bot_4,bot,Thank you for contacting support.
2025-07-02T22:58:42.124146,bot_3,bot,Your issue has been logged in the system.
2025-07-02T22:59:18.124146,bot_2,bot,I will now escalate this issue.
2025-07-02T23:02:48.124146,bot_5,bot,Please provide your account number.
2025-07-02T23:03:26.124146,bot_5,bot,Your issue has been logged in the system.
2025-07-02T23:06:15.124146,human_2,human,what do you mean?
2025-07-02T23:10:01.124146,bot_5,bot,Hello. How may I assist you today?
2025-07-02T23:10:03.124146,bot_3,bot,Your issue has been logged in the system.
2025-07-02T23:13:36.124146,human_2,human,i'm eating rn
2025-07-02T23:17:10.124146,human_5,human,same here
2025-07-02T23:19:52.124146,bot_5,bot,Your issue has been logged in the system.
2025-07-02T23:21:06.124146,human_3,human,lol that's crazy
2025-07-02T23:23:12.124146,human_1,human,idk man
2025-07-02T23:24:34.124146,human_5,human,lol that's crazy
2025-07-02T23:27:49.124146,bot_5,bot,I will now escalate this issue.
2025-07-02T23:28:08.124146,bot_4,bot,I will now escalate this issue.
2025-07-02T23:31:07.124146,human_4,human,i'm eating rn
2025-07-02T23:32:09.124146,human_3,human,same here
2025-07-02T23:33:59.124146,bot_1,bot,Hello. How may I assist you today?
2025-07-02T23:38:45.124146,human_1,human,hey what's up?
2025-07-02T23:42:30.124146,bot_3,bot,Please provide your account number.
2025-07-02T23:46:28.124146,human_3,human,i'm eating rn
2025-07-02T23:49:54.124146,bot_5,bot,Thank you for contacting support.
2025-07-02T23:49:57.124146,human_3,human,let's goooo
2025-07-02T23:53:21.124146,bot_5,bot,This request has been received.
2025-07-02T23:53:31.124146,human_4,human,let's goooo
2025-07-02T23:56:48.124146,bot_5,bot,This request has been received.
2025-07-02T23:59:08.124146,human_5,human,i'm eating rn
2025-07-03T00:03:14.124146,bot_5,bot,Thank you for contacting support.
2025-07-03T00:08:13.124146,human_3,human,let's goooo
2025-07-03T00:08:14.124146,human_1,human,lol that's crazy
2025-07-03T00:10:19.124146,human_2,human,what do you mean?
2025-07-03T00:10:37.124146,human_2,human,i'm eating rn
2025-07-03T00:10:49.124146,human_4,human,hahahaha
2025-07-03T00:12:25.124146,human_2,human,Tell me about yourself
2025-07-03T00:15:17.124146,human_3,human,hey what's up?
2025-07-03T00:16:41.124146,human_5,human,let's goooo
2025-07-03T00:18:10.124146,human_2,human,i'm eating rn
2025-07-03T00:20:13.124146,bot_2,bot,Your issue has been logged in the system.
2025-07-03T00:22:36.124146,bot_3,bot,I will now escalate this issue.
2025-07-03T00:26:27.124146,human_1,human,let's goooo
2025-07-03T00:28:49.124146,human_3,human,Tell me about yourself
2025-07-03T00:31:41.124146,bot_4,bot,I will now escalate this issue.
2025-07-03T00:35:41.124146,human_1,human,hahahaha
2025-07-03T00:39:29.124146,bot_1,bot,Please provide your account number.
2025-07-03T00:39:58.124146,human_1,human,you there?
2025-07-03T00:40:37.124146,human_5,human,sounds good
2025-07-03T00:43:26.124146,bot_4,bot,Your issue has been logged in the system.
2025-07-03T00:45:37.124146,bot_1,bot,Your issue has been logged in the system.
2025-07-03T00:47:41.124146,human_3,human,sounds good
2025-07-03T00:48:11.124146,human_4,human,Tell me about yourself
2025-07-03T00:52:53.124146,bot_1,bot,Your issue has been logged in the system.
2025-07-03T00:54:13.124146,bot_4,bot,Thank you for contacting support.
2025-07-03T00:58:57.124146,human_1,human,what do you mean?
2025-07-03T01:03:24.124146,bot_5,bot,I will now escalate this issue.
2025-07-03T01:03:45.124146,bot_2,bot,Hello. How may I assist you today?
2025-07-03T01:05:13.124146,bot_2,bot,Please provide your account number.
2025-07-03T01:07:07.124146,human_4,human,let's goooo
2025-07-03T01:09:50.124146,human_2,human,brb
2025-07-03T01:13:48.124146,human_3,human,same here
2025-07-03T01:18:46.124146,bot_3,bot,This request has been received.
2025-07-03T01:18:57.124146,human_3,human,hahahaha
2025-07-03T01:19:12.124146,bot_4,bot,Please provide your account number.
2025-07-03T01:19:48.124146,bot_4,bot,This request has been received.
2025-07-03T01:22:34.124146,bot_3,bot,I will now escalate this issue.
2025-07-03T01:25:07.124146,bot_3,bot,Please provide your account number.
2025-07-03T01:25:09.124146,human_3,human,hahahaha
2025-07-03T01:29:21.124146,bot_1,bot,Your issue has been logged in the system.
2025-07-03T01:33:15.124146,bot_1,bot,Hello. How may I assist you today?
2025-07-03T01:33:55.124146,human_1,human,hey what's up?
2025-07-03T01:35:50.124146,bot_4,bot,Hello. How may I assist you today?
2025-07-03T01:35:51.124146,bot_1,bot,Your issue has been logged in the system.
2025-07-03T01:36:21.124146,bot_4,bot,Thank you for contacting support.
2025-07-03T01:41:19.124146,bot_3,bot,This request has been received.
2025-07-03T01:45:59.124146,human_5,human,hey what's up?
2025-07-03T01:47:07.124146,human_4,human,idk man
2025-07-03T01:48:31.124146,bot_4,bot,Your issue has been logged in the system.
2025-07-03T01:52:02.124146,bot_5,bot,Please provide your account number.
2025-07-03T01:53:20.124146,human_1,human,same here
2025-07-03T01:56:50.124146,human_3,human,hahahaha
2025-07-03T01:59:14.124146,bot_1,bot,I will now escalate this issue.
2025-07-03T02:02:49.124146,human_1,human,idk man
2025-07-03T02:07:21.124146,human_5,human,same here
2025-07-03T02:11:43.124146,bot_3,bot,Please provide your account number.
2025-07-03T02:15:35.124146,bot_5,bot,Please provide your account number.
2025-07-03T02:20:11.124146,human_1,human,same here
2025-07-03T02:23:11.124146,human_3,human,come get me
2025-07-03T02:24:24.124146,bot_5,bot,Please provide your account number.
2025-07-03T02:26:19.124146,bot_2,bot,I will now escalate this issue.
2025-07-03T02:27:36.124146,bot_3,bot,Hello. How may I assist you today?
2025-07-03T02:32:18.124146,human_5,human,what do you mean?
2025-07-03T02:32:49.124146,bot_5,bot,I will now escalate this issue.
2025-07-03T02:36:44.124146,human_3,human,idk man
2025-07-03T02:40:18.124146,human_5,human,let's goooo
2025-07-03T02:41:52.124146,bot_4,bot,I will now escalate this issue.
2025-07-03T02:41:54.124146,bot_4,bot,Thank you for contacting support.
2025-07-03T02:45:51.124146,human_3,human,hey what's up?
2025-07-03T02:49:44.124146,bot_2,bot,Hello. How may I assist you today?
2025-07-03T02:53:44.124146,human_4,human,i'm eating rn
2025-07-03T02:57:31.124146,human_1,human,what do you mean?
2025-07-03T02:59:35.124146,human_4,human,what do you mean?
2025-07-03T03:04:04.124146,human_3,human,same here
2025-07-03T03:04:33.124146,bot_2,bot,Hello. How may I assist you today?
2025-07-03T03:06:16.124146,human_2,human,i'm eating rn
2025-07-03T03:10:38.124146,human_2,human,lol that's crazy
2025-07-03T03:11:21.124146,human_1,human,idk man
2025-07-03T03:16:16.124146,human_1,human,come get me
2025-07-03T03:17:55.124146,human_1,human,same here
2025-07-03T03:18:11.124146,human_5,human,you there?
2025-07-03T03:19:02.124146,bot_5,bot,Hello. How may I assist you today?
2025-07-03T03:19:33.124146,human_5,human,sounds good
2025-07-03T03:20:25.124146,bot_3,bot,Please provide your account number.
2025-07-03T03:25:24.124146,human_4,human,come get me
2025-07-03T03:26:09.124146,human_5,human,same here
2025-07-03T03:28:32.124146,bot_2,bot,Thank you for contacting support.
2025-07-03T03:32:39.124146,human_5,human,brb
2025-07-03T03:36:51.124146,bot_2,bot,Hello. How may I assist you today?
2025-07-03T03:41:04.124146,bot_5,bot,Hello. How may I assist you today?
2025-07-03T03:42:06.124146,bot_2,bot,Your issue has been logged in the system.
2025-07-03T03:42:34.124146,bot_2,bot,Hello. How may I assist you today?
2025-07-03T03:42:48.124146,bot_2,bot,I will now escalate this issue.
2025-07-03T03:46:18.124146,bot_2,bot,This request has been received.
2025-07-03T03:48:32.124146,bot_2,bot,I will now escalate this issue.
2025-07-03T03:51:05.124146,bot_1,bot,Your issue has been logged in the system.
2025-07-03T03:55:02.124146,bot_3,bot,Please provide your account number.
2025-07-03T03:55:58.124146,bot_3,bot,Your issue has been logged in the system.
2025-07-03T03:59:46.124146,human_3,human,same here
2025-07-03T04:02:39.124146,bot_5,bot,This request has been received.
2025-07-03T04:05:37.124146,human_4,human,Tell me about yourself
2025-07-03T04:06:28.124146,bot_5,bot,Thank you for contacting support.
2025-07-03T04:09:19.124146,human_4,human,same here
2025-07-03T04:13:30.124146,bot_5,bot,Please provide your account number.
2025-07-03T04:14:36.124146,bot_2,bot,I will now escalate this issue.
2025-07-03T04:19:14.124146,bot_1,bot,Thank you for contacting support.
2025-07-03T04:22:50.124146,bot_1,bot,I will now escalate this issue.
2025-07-03T04:23:33.124146,human_2,human,idk man
2025-07-03T04:27:36.124146,bot_3,bot,This request has been received.
2025-07-03T04:31:12.124146,bot_1,bot,Thank you for contacting support.
2025-07-03T04:32:51.124146,bot_1,bot,Thank you for contacting support.
2025-07-03T04:33:21.124146,bot_2,bot,Hello. How may I assist you today?
2025-07-03T04:34:45.124146,human_3,human,let's goooo
2025-07-03T04:35:55.124146,bot_5,bot,Hello. How may I assist you today?
2025-07-03T04:39:57.124146,bot_4,bot,Thank you for contacting support.
2025-07-03T04:43:20.124146,bot_5,bot,Hello. How may I assist you today?
2025-07-03T04:43:22.124146,bot_4,bot,Please provide your account number.
2025-07-03T04:44:34.124146,bot_5,bot,I will now escalate this issue.
2025-07-03T04:49:31.124146,bot_3,bot,Thank you for contacting support.
2025-07-03T04:54:22.124146,human_4,human,you there?
2025-07-03T04:58:22.124146,human_5,human,what do you mean?
2025-07-03T05:02:26.124146,bot_2,bot,Your issue has been logged in the system.
2025-07-03T05:04:13.124146,bot_5,bot,This request has been received.
2025-07-03T05:06:16.124146,human_1,human,let's goooo
2025-07-03T05:08:47.124146,bot_4,bot,This request has been received.
2025-07-03T05:13:26.124146,human_2,human,same here
2025-07-03T05:13:58.124146,human_3,human,what do you mean?
2025-07-03T05:15:04.124146,human_4,human,same here
2025-07-03T05:16:11.124146,human_3,human,idk man
2025-07-03T05:19:39.124146,human_4,human,hahahaha
2025-07-03T05:21:55.124146,bot_5,bot,I will now escalate this issue.
2025-07-03T05:22:51.124146,human_1,human,brb
2025-07-03T05:26:31.124146,human_2,human,hahahaha
2025-07-03T05:30:49.124146,bot_4,bot,Hello. How may I assist you today?
2025-07-03T05:31:52.124146,bot_4,bot,Hello. How may I assist you today?
2025-07-03T05:33:19.124146,human_4,human,you there?
2025-07-03T05:35:28.124146,human_5,human,sounds good
2025-07-03T05:38:11.124146,bot_4,bot,Hello. How may I assist you today?
2025-07-03T05:42:07.124146,human_5,human,brb
2025-07-03T05:43:08.124146,bot_5,bot,This request has been received.
2025-07-03T05:43:35.124146,human_1,human,you there?
2025-07-03T05:45:29.124146,bot_1,bot,Your issue has been logged in the system.
2025-07-03T05:47:10.124146,human_4,human,what do you mean?
2025-07-03T05:51:01.124146,bot_2,bot,Please provide your account number.
2025-07-03T05:52:43.124146,bot_2,bot,Your issue has been logged in the system.
2025-07-03T05:57:31.124146,human_4,human,let's goooo
2025-07-03T05:58:18.124146,human_5,human,Tell me about yourself
2025-07-03T06:01:28.124146,bot_4,bot,This request has been received.
2025-07-03T06:01:52.124146,human_3,human,lol that's crazy
2025-07-03T06:02:07.124146,human_1,human,hahahaha
2025-07-03T06:02:41.124146,bot_1,bot,Thank you for contacting support.
2025-07-03T06:05:11.124146,bot_3,bot,Your issue has been logged in the system.
2025-07-03T06:07:09.124146,bot_5,bot,I will now escalate this issue.
2025-07-03T06:10:20.124146,human_2,human,what do you mean?
2025-07-03T06:12:56.124146,bot_3,bot,Thank you for contacting support.
2025-07-03T06:17:02.124146,bot_5,bot,Please provide your account number.
2025-07-03T06:18:02.124146,bot_1,bot,Thank you for contacting support.
2025-07-03T06:19:14.124146,bot_1,bot,Thank you for contacting support.
2025-07-03T06:23:06.124146,bot_3,bot,Hello. How may I assist you today?
2025-07-03T06:25:29.124146,human_3,human,Tell me about yourself
2025-07-03T06:26:37.124146,human_2,human,lol that's crazy
2025-07-03T06:27:45.124146,bot_5,bot,I will now escalate this issue.
2025-07-03T06:32:41.124146,bot_2,bot,Your issue has been logged in the system.
2025-07-03T06:34:30.124146,bot_1,bot,Hello. How may I assist you today?
2025-07-03T06:36:06.124146,bot_3,bot,Thank you for contacting support.
2025-07-03T06:39:32.124146,bot_2,bot,Hello. How may I assist you today?
2025-07-03T06:43:54.124146,human_2,human,Tell me about yourself
2025-07-03T06:47:16.124146,bot_4,bot,Hello. How may I assist you today?
2025-07-03T06:47:57.124146,bot_5,bot,Please provide your account number.
2025-07-03T06:48:22.124146,bot_2,bot,Hello. How may I assist you today?
2025-07-03T06:48:40.124146,human_3,human,hey what's up?
2025-07-03T06:52:43.124146,human_2,human,sounds good
2025-07-03T06:57:01.124146,human_1,human,sounds good
2025-07-03T06:58:49.124146,human_4,human,hahahaha
2025-07-03T07:02:15.124146,bot_1,bot,This request has been received.
2025-07-03T07:05:34.124146,human_1,human,hey what's up?
2025-07-03T07:07:41.124146,bot_1,bot,Your issue has been logged in the system.
2025-07-03T07:08:59.124146,bot_1,bot,Hello. How may I assist you today?
2025-07-03T07:11:17.124146,bot_4,bot,Your issue has been logged in the system.
2025-07-03T07:14:25.124146,human_2,human,sounds good
2025-07-03T07:18:39.124146,bot_5,bot,I will now escalate this issue.
2025-07-03T07:20:39.124146,human_5,human,Tell me about yourself
2025-07-03T07:21:19.124146,human_2,human,you there?
2025-07-03T07:24:09.124146,bot_4,bot,Thank you for contacting support.
2025-07-03T07:24:44.124146,human_5,human,hey what's up?
2025-07-03T07:29:32.124146,bot_4,bot,Your issue has been logged in the system.
2025-07-03T07:32:56.124146,human_3,human,lol that's crazy
2025-07-03T07:33:31.124146,bot_1,bot,I will now escalate this issue.
2025-07-03T07:35:19.124146,human_1,human,hey what's up?
2025-07-03T07:39:03.124146,bot_5,bot,Hello. How may I assist you today?
2025-07-03T07:40:36.124146,bot_5,bot,Please provide your account number.
2025-07-03T07:45:15.124146,bot_1,bot,Please provide your account number.
2025-07-03T07:49:20.124146,human_2,human,sounds good
2025-07-03T07:49:30.124146,bot_4,bot,Your issue has been logged in the system.
2025-07-03T07:53:51.124146,human_1,human,brb
2025-07-03T07:58:29.124146,human_2,human,hahahaha
2025-07-03T08:01:51.124146,bot_2,bot,Hello. How may I assist you today?
2025-07-03T08:04:44.124146,human_4,human,sounds good
2025-07-03T08:09:28.124146,human_4,human,same here
2025-07-03T08:13:16.124146,bot_5,bot,I will now escalate this issue.
2025-07-03T08:16:18.124146,human_4,human,idk man
2025-07-03T08:16:41.124146,human_2,human,brb
2025-07-03T08:18:29.124146,human_1,human,i'm eating rn
2025-07-03T08:19:55.124146,human_4,human,i'm eating rn
2025-07-03T08:22:13.124146,human_3,human,let's goooo
2025-07-03T08:24:50.124146,human_2,human,Tell me about yourself
2025-07-03T08:27:35.124146,bot_5,bot,Hello. How may I assist you today?
2025-07-03T08:29:45.124146,human_2,human,lol that's crazy
2025-07-03T08:34:11.124146,human_1,human,you there?
2025-07-03T08:38:05.124146,bot_4,bot,Thank you for contacting support.
2025-07-03T08:40:21.124146,bot_4,bot,Thank you for contacting support.
2025-07-03T08:42:06.124146,bot_1,bot,Please provide your account number.
2025-07-03T08:42:39.124146,human_3,human,sounds good
2025-07-03T08:46:45.124146,human_5,human,sounds good
2025-07-03T08:48:53.124146,bot_1,bot,Hello. How may I assist you today?
2025-07-03T08:52:29.124146,human_5,human,i'm eating rn
2025-07-03T08:53:09.124146,bot_4,bot,Your issue has been logged in the system.
2025-07-03T08:54:57.124146,human_4,human,let's goooo
2025-07-03T08:55:28.124146,human_5,human,same here
2025-07-03T08:55:52.124146,human_2,human,you there?
2025-07-03T08:58:00.124146,bot_2,bot,Your issue has been logged in the system.
2025-07-03T08:59:27.124146,human_4,human,lol that's crazy
2025-07-03T08:59:35.124146,bot_4,bot,This request has been received.
2025-07-03T09:02:56.124146,human_5,human,i'm eating rn
2025-07-03T09:07:03.124146,bot_2,bot,Thank you for contacting support.
2025-07-03T09:11:37.124146,bot_2,bot,This request has been received.
2025-07-03T09:12:12.124146,human_1,human,you there?
